feature,importance
volatility_7,0.12764652283991648
volume_change,0.12605488818895577
volatility_30,0.12574727000367475
drawdown,0.11202251052333886
momentum_7,0.10062959765159815
momentum_30,0.0995879337235234
daily_return,0.08202838516003162
log_return,0.07996777910539082
ma_30,0.0769270928939188
ma_7,0.06938801990965132
