feature,importance
volatility_7,0.13305233376247919
volume_change,0.1259308426848834
volatility_30,0.12397160769927909
drawdown,0.10894565887514326
momentum_7,0.10335818731253452
momentum_30,0.10153335438676417
daily_return,0.0825093257813796
log_return,0.08081936961739655
ma_30,0.07153989346700877
ma_7,0.06833942641313144
